{"0.cpp": [0.620674, 0.660657, 0.60701, 0.671448, 0.554247, 0.631193, 0.559224, 0.526157, 0.517039, 0.53318, 0.501376, 0.547257, 0.541369, 0.544872, 0.523692, 0.527379, 0.530135, 0.507252, 0.506006, 0.497702, 0.48008, 0.482479, 0.469667, 0.466226, 0.458758, 0.44733, 0.341819, 0.431251, 0.385967, 0.424229, 0.364907, 0.413449, 0.364384, 0.406197, 0.357374, 0.402915, 0.36065, 0.400985, 0.384043, 0.423309, 0.38608, 0.430873, 0.287742, 0.425599, 0.393514, 0.428433, 0.408267, 0.424349, 0.359176, 0.41156, 0.336744, 0.39405, 0.381272, 0.409687, 0.392458, 0.412177, 0.390864, 0.401842, 0.137917], "1.cpp": [0.803757, 0.77407, 0.732505, 0.754612, 0.729125, 0.740379, 0.74124, 0.721929, 0.712599, 0.706957, 0.673073, 0.714638, 0.701818, 0.696901, 0.68886, 0.67804, 0.685687, 0.674551, 0.663899, 0.674079, 0.67886, 0.677162, 0.665707, 0.666665, 0.674377, 0.667453, 0.55124, 0.666846, 0.6379, 0.644429, 0.629701, 0.6699, 0.63271, 0.658957, 0.622332, 0.661079, 0.603891, 0.653768, 0.594911, 0.654509, 0.592335, 0.646145, 0.541962, 0.639606, 0.596637, 0.644727, 0.605257, 0.62419, 0.592697, 0.625582, 0.555333, 0.622142, 0.592909, 0.619022, 0.60285, 0.615524, 0.599756, 0.619843, 0.25257], "2.cpp": [0.869407, 0.877141, 0.85779, 0.831402, 0.753201, 0.841601, 0.835179, 0.806313, 0.828605, 0.786774, 0.815205, 0.78663, 0.811298, 0.794455, 0.808917, 0.80103, 0.812544, 0.79657, 0.806329, 0.788514, 0.793631, 0.778866, 0.771565, 0.775524, 0.765577, 0.756697, 0.705885, 0.740477, 0.724363, 0.732678, 0.712524, 0.714827, 0.694744, 0.702417, 0.682949, 0.705182, 0.683879, 0.698651, 0.676635, 0.694693, 0.675939, 0.688705, 0.643054, 0.691279, 0.678652, 0.685355, 0.667504, 0.682541, 0.670067, 0.683598, 0.650816, 0.685224, 0.679474, 0.682561, 0.668215, 0.68284, 0.666325, 0.6804, 0.504977], "3.cpp": [3.04996, 3.09068, 3.02257, 2.96354, 2.95987, 2.81153, 2.88632, 2.86025, 2.90286, 2.77935, 2.74988, 2.79762, 2.7033, 2.62282, 2.69633, 2.59717, 2.65399, 2.44877, 2.62594, 2.6165, 2.54965, 2.60447, 2.52921, 2.60126, 2.57507, 2.58117, 2.16495, 2.56089, 2.38866, 2.53352, 2.26974, 2.39104, 2.27401, 2.47999, 2.21323, 2.48175, 2.20822, 2.39937, 2.15382, 2.37338, 2.12784, 2.33988, 2.08297, 2.27651, 2.20011, 2.27818, 2.12889, 2.26706, 2.11506, 2.21754, 1.9649, 2.19683, 2.20038, 2.17116, 2.09163, 2.16112, 2.13046, 2.15509, 0.968882], "4.cpp": [4.06005, 3.92623, 3.93734, 3.88895, 3.83831, 3.94012, 3.91221, 3.87543, 3.60604, 3.92511, 3.8582, 3.84976, 3.74378, 3.68549, 3.62457, 3.66411, 3.5276, 3.60864, 3.58377, 3.11225, 3.53726, 3.50439, 3.42489, 3.42625, 3.27959, 3.28058, 2.95715, 3.11631, 3.09456, 3.01882, 2.89852, 2.92505, 2.77665, 2.82105, 2.64459, 2.65544, 2.54778, 2.55823, 2.4224, 2.48599, 2.38355, 2.42589, 2.13077, 2.41214, 2.36383, 2.39803, 2.3164, 2.3828, 2.32298, 2.34821, 2.11758, 2.34642, 2.30692, 2.31988, 2.27608, 2.32717, 2.28952, 2.31925, 1.34188], "5.cpp": [4.12765, 4.20606, 4.08971, 4.06211, 4.12129, 4.08553, 4.03037, 3.85458, 3.80525, 4.04074, 3.81808, 3.94031, 3.98215, 3.84586, 3.6732, 3.65683, 3.79945, 3.75637, 3.57274, 3.43944, 3.73525, 3.77251, 3.51965, 3.76062, 3.71128, 3.69937, 3.38048, 3.71872, 3.64712, 3.66972, 3.4748, 3.71713, 3.6388, 3.6421, 3.40981, 3.67091, 3.61057, 3.64512, 3.42193, 3.62491, 3.59186, 3.62965, 3.33231, 3.62146, 3.57146, 3.61943, 3.41935, 3.59249, 3.5847, 3.60807, 3.36649, 3.59412, 3.57088, 3.59118, 3.40242, 3.58007, 3.56314, 3.58592, 3.16868], "6.cpp": [48.5119, 49.71, 49.2289, 48.4246, 48.0399, 49.4829, 48.8973, 48.3601, 48.2728, 48.6814, 46.5654, 46.7109, 44.9205, 43.8295, 47.3821, 45.1174, 45.4093, 45.1707, 39.6141, 45.5488, 45.8302, 45.3054, 45.9266, 44.492, 44.0001, 43.4654, 40.433, 44.6239, 43.6664, 43.8509, 41.5299, 42.9703, 43.4289, 41.8619, 41.22, 42.037, 38.9577, 42.5342, 41.215, 39.5288, 39.6705, 40.3914, 35.8359, 39.6583, 38.2067, 39.1911, 39.4753, 38.9251, 37.3146, 38.4546, 37.6352, 40.3147, 38.3407, 38.3828, 36.3359, 37.0311, 36.5676, 37.5966, 31.6685], "7.cpp": [3.91152, 3.99446, 3.826, 3.98813, 4.12607, 4.13595, 4.01829, 4.00867, 3.94774, 4.08104, 3.878, 3.98125, 3.98157, 3.88304, 3.60468, 3.88224, 3.84449, 3.7646, 3.585, 3.32696, 3.76679, 3.74837, 3.51345, 3.78191, 3.69318, 3.72533, 3.46843, 3.71804, 3.68539, 3.65157, 3.46383, 3.71554, 3.6309, 3.63372, 3.4642, 3.65932, 3.59118, 3.63636, 3.41895, 3.62716, 3.60004, 3.62929, 3.41486, 3.60949, 3.57353, 3.6216, 3.42532, 3.58843, 3.58872, 3.60941, 3.40411, 3.59849, 3.55497, 3.55561, 3.38011, 3.55128, 3.54969, 3.55933, 3.21183]}